id,fonte,competicao,data,hora,mandante,visitante,estadio,rodada,url,extra,atualizado_em
5ebcafbfd4b7dce2,campeonatochileno.cl,Copa Chile Coca Cola Zero Azucar,2026-07-05,12:30,Deportes La Serena,Deportes Antofagasta,Estadio La Portada,Fecha 5,https://www.campeonatochileno.cl/ligas/copa-chile-coca-cola-zero-azucar/,,2026-07-05T23:55:48
cb4bf997155417ad,campeonatochileno.cl,Copa Chile Coca Cola Zero Azucar,2026-07-05,12:30,Santiago Wanderers,Universidad de Chile,,Fecha 5,https://www.campeonatochileno.cl/ligas/copa-chile-coca-cola-zero-azucar/,,2026-07-05T23:55:48
ee1f6b91043e0136,campeonatochileno.cl,Copa Chile Coca Cola Zero Azucar,2026-07-05,15:00,Cobresal,Cobreloa,Estadio El Cobre,Fecha 5,https://www.campeonatochileno.cl/ligas/copa-chile-coca-cola-zero-azucar/,,2026-07-05T23:55:48
a2ff206dc60b008d,campeonatochileno.cl,Copa Chile Coca Cola Zero Azucar,2026-07-05,15:00,Deportes Puerto Montt,Huachipato,Bicentenario Chinquihue,Fecha 5,https://www.campeonatochileno.cl/ligas/copa-chile-coca-cola-zero-azucar/,,2026-07-05T23:55:48
e1b4d348f0220d50,campeonatochileno.cl,Copa Chile Coca Cola Zero Azucar,2026-07-05,15:00,Universidad de Concepción,Rangers de Talca,Estadio Municipal Federico Schwager,Fecha 5,https://www.campeonatochileno.cl/ligas/copa-chile-coca-cola-zero-azucar/,,2026-07-05T23:55:48
66d248e0db3a9892,campeonatochileno.cl,Copa Chile Coca Cola Zero Azucar,2026-07-05,15:00,Ñublense,Curicó Unido,Estadio Bicentenario Nelson Oyarzún,Fecha 5,https://www.campeonatochileno.cl/ligas/copa-chile-coca-cola-zero-azucar/,,2026-07-05T23:55:48
b8b6ad099e3c09ab,campeonatochileno.cl,Copa Chile Coca Cola Zero Azucar,2026-07-05,16:00,Club Deportes Santa Cruz,Audax Italiano,Estadio Joaquín Muñoz,Fecha 5,https://www.campeonatochileno.cl/ligas/copa-chile-coca-cola-zero-azucar/,,2026-07-05T23:55:48
2e73a96f24e280e7,campeonatochileno.cl,Copa Chile Coca Cola Zero Azucar,2026-07-05,17:30,Unión Española,O'Higgins,Estadio Santa Laura Universidad SEK,Fecha 5,https://www.campeonatochileno.cl/ligas/copa-chile-coca-cola-zero-azucar/,,2026-07-05T23:55:48
53b4834d325575eb,campeonatochileno.cl,Copa Chile Coca Cola Zero Azucar,2026-07-05,20:00,Deportes Limache,San Marcos de Arica,Municipal Lucio Fariña Fernández,Fecha 5,https://www.campeonatochileno.cl/ligas/copa-chile-coca-cola-zero-azucar/,,2026-07-05T23:55:48
165d38486293e355,campeonatochileno.cl,Copa Chile Coca Cola Zero Azucar,2026-07-06,19:30,Colo Colo,Deportes Recoleta,Estadio Monumental David Arellano,Fecha 5,https://www.campeonatochileno.cl/ligas/copa-chile-coca-cola-zero-azucar/,,2026-07-05T23:55:48
a15a1b25cbff2d3c,campeonatochileno.cl,Copa Chile Coca Cola Zero Azucar,2026-07-06,19:30,Deportes Concepción,Deportes Temuco,Estadio Huachipato,Fecha 5,https://www.campeonatochileno.cl/ligas/copa-chile-coca-cola-zero-azucar/,,2026-07-05T23:55:48
6f82939e05bb4c79,campeonatochileno.cl,Copa De La Liga,2026-07-08,19:00,Unión La Calera,Coquimbo Unido,Estadio Nicolás Chahuán,,https://www.campeonatochileno.cl/ligas/copa-de-la-liga/,,2026-07-05T23:55:48
abdc5c753a212a40,campeonatochileno.cl,Copa De La Liga,2026-07-09,19:00,Ñublense,O'Higgins,Estadio Bicentenario Nelson Oyarzún,,https://www.campeonatochileno.cl/ligas/copa-de-la-liga/,,2026-07-05T23:55:48
76fefb2c25971748,campeonatochileno.cl,Copa Chile Coca Cola Zero Azucar,2026-07-11,15:00,Magallanes,Audax Italiano,Estadio Municipal de San Bernardo,Fecha 6,https://www.campeonatochileno.cl/ligas/copa-chile-coca-cola-zero-azucar/,,2026-07-05T23:55:48
d3cce00477697547,campeonatochileno.cl,Copa Chile Coca Cola Zero Azucar,2026-07-11,15:00,Palestino,Club Deportes Santa Cruz,Estadio Municipal de La Cisterna,Fecha 6,https://www.campeonatochileno.cl/ligas/copa-chile-coca-cola-zero-azucar/,,2026-07-05T23:55:48
a0d49697ff4f398d,campeonatochileno.cl,Copa Chile Coca Cola Zero Azucar,2026-07-11,17:30,Deportes Copiapó,Everton,,Fecha 6,https://www.campeonatochileno.cl/ligas/copa-chile-coca-cola-zero-azucar/,,2026-07-05T23:55:48
1b85c761bb6dea7e,campeonatochileno.cl,Copa Chile Coca Cola Zero Azucar,2026-07-11,17:30,San Luis,Universidad Católica,Municipal Lucio Fariña Fernández,Fecha 6,https://www.campeonatochileno.cl/ligas/copa-chile-coca-cola-zero-azucar/,,2026-07-05T23:55:48
cd4b3584ce1f3dc3,campeonatochileno.cl,Copa Chile Coca Cola Zero Azucar,2026-07-12,12:30,Cobreloa,Deportes La Serena,,Fecha 6,https://www.campeonatochileno.cl/ligas/copa-chile-coca-cola-zero-azucar/,,2026-07-05T23:55:48
853fa0968eb0fa64,campeonatochileno.cl,Copa Chile Coca Cola Zero Azucar,2026-07-12,12:30,Deportes Antofagasta,Cobresal,Estadio Municipal de Mejillones,Fecha 6,https://www.campeonatochileno.cl/ligas/copa-chile-coca-cola-zero-azucar/,,2026-07-05T23:55:48
7b5e6b22bee36cf4,campeonatochileno.cl,Copa De La Liga,2026-07-12,15:00,Coquimbo Unido,Unión La Calera,Estadio Municipal Francisco Sánchez Rumoroso,,https://www.campeonatochileno.cl/ligas/copa-de-la-liga/,,2026-07-05T23:55:48
2937259c160096f2,campeonatochileno.cl,Copa Chile Coca Cola Zero Azucar,2026-07-12,17:30,Deportes Concepción,Deportes Puerto Montt,Estadio Huachipato,Fecha 6,https://www.campeonatochileno.cl/ligas/copa-chile-coca-cola-zero-azucar/,,2026-07-05T23:55:48
ee6ae08d81b36fd3,campeonatochileno.cl,Copa Chile Coca Cola Zero Azucar,2026-07-12,17:30,Deportes Temuco,Huachipato,,Fecha 6,https://www.campeonatochileno.cl/ligas/copa-chile-coca-cola-zero-azucar/,,2026-07-05T23:55:48
0c5df4afae8e9f76,campeonatochileno.cl,Copa De La Liga,2026-07-12,20:00,O'Higgins,Ñublense,Estadio Codelco El Teniente,,https://www.campeonatochileno.cl/ligas/copa-de-la-liga/,,2026-07-05T23:55:48
72a12dbc8cfeccc4,campeonatochileno.cl,Liga De Ascenso Caixun,2026-07-18,12:30,Deportes Copiapó,Deportes Puerto Montt,,Fecha 16,https://www.campeonatochileno.cl/ligas/liga-de-ascenso-caixun/,,2026-07-05T23:55:48
3c8631b20c681716,campeonatochileno.cl,Liga De Ascenso Caixun,2026-07-18,12:30,Unión San Felipe,Deportes Iquique,Estadio Municipal de San Felipe,Fecha 16,https://www.campeonatochileno.cl/ligas/liga-de-ascenso-caixun/,,2026-07-05T23:55:48
a44d732f4c2b63b8,campeonatochileno.cl,Liga De Ascenso Caixun,2026-07-18,15:00,Deportes Recoleta,Santiago Wanderers,Estadio por confirmar,Fecha 16,https://www.campeonatochileno.cl/ligas/liga-de-ascenso-caixun/,,2026-07-05T23:55:48
3189c4ae93d38932,campeonatochileno.cl,Liga De Ascenso Caixun,2026-07-18,15:00,Deportes Temuco,Cobreloa,,Fecha 16,https://www.campeonatochileno.cl/ligas/liga-de-ascenso-caixun/,,2026-07-05T23:55:48
4a107fd0e3c7523f,campeonatochileno.cl,Liga De Ascenso Caixun,2026-07-19,12:00,Deportes Antofagasta,Rangers de Talca,Estadio Regional Calvo y Bascuñán,Fecha 16,https://www.campeonatochileno.cl/ligas/liga-de-ascenso-caixun/,,2026-07-05T23:55:48
df8c651538968089,campeonatochileno.cl,Liga De Ascenso Caixun,2026-07-19,12:00,Magallanes,Curicó Unido,Estadio Municipal de San Bernardo,Fecha 16,https://www.campeonatochileno.cl/ligas/liga-de-ascenso-caixun/,,2026-07-05T23:55:48
80ce8e2665aa622e,campeonatochileno.cl,Liga De Ascenso Caixun,2026-07-19,19:00,Club Deportes Santa Cruz,San Marcos de Arica,Municipal Santa Cruz,Fecha 16,https://www.campeonatochileno.cl/ligas/liga-de-ascenso-caixun/,,2026-07-05T23:55:48
5b39680694220c18,campeonatochileno.cl,Liga De Ascenso Caixun,2026-07-19,19:00,San Luis,Unión Española,Municipal Lucio Fariña Fernández,Fecha 16,https://www.campeonatochileno.cl/ligas/liga-de-ascenso-caixun/,,2026-07-05T23:55:48
73fc26bee9837803,campeonatochileno.cl,Liga De Primera Mercado Libre,2026-07-24,18:00,Unión La Calera,Everton,Estadio Nicolás Chahuán,Fecha 16,https://www.campeonatochileno.cl/ligas/liga-de-primera-mercado-libre/,,2026-07-05T23:55:48
4fa1c9ff574252dd,campeonatochileno.cl,Liga De Ascenso Caixun,2026-07-24,20:30,Deportes Iquique,Deportes Temuco,Estadio Tierra de Campeones,Fecha 17,https://www.campeonatochileno.cl/ligas/liga-de-ascenso-caixun/,,2026-07-05T23:55:48
0f293875eb51ad7d,campeonatochileno.cl,Liga De Primera Mercado Libre,2026-07-24,20:30,Colo Colo,Deportes Limache,Estadio Monumental David Arellano,Fecha 16,https://www.campeonatochileno.cl/ligas/liga-de-primera-mercado-libre/,,2026-07-05T23:55:48
0e208dae2925b193,campeonatochileno.cl,Liga De Ascenso Caixun,2026-07-25,12:30,Santiago Wanderers,Unión San Felipe,,Fecha 17,https://www.campeonatochileno.cl/ligas/liga-de-ascenso-caixun/,,2026-07-05T23:55:48
ba5fae7f11db56f3,campeonatochileno.cl,Liga De Ascenso Caixun,2026-07-25,15:00,Curicó Unido,San Luis,Estadio Bicentenario La Granja,Fecha 17,https://www.campeonatochileno.cl/ligas/liga-de-ascenso-caixun/,,2026-07-05T23:55:48
bfdd1aa88d3d165d,campeonatochileno.cl,Liga De Primera Mercado Libre,2026-07-25,15:00,Coquimbo Unido,Universidad de Concepción,Estadio Municipal Francisco Sánchez Rumoroso,Fecha 16,https://www.campeonatochileno.cl/ligas/liga-de-primera-mercado-libre/,,2026-07-05T23:55:48
ff7c8b0b448b4472,campeonatochileno.cl,Liga De Ascenso Caixun,2026-07-25,17:30,Cobreloa,Club Deportes Santa Cruz,,Fecha 17,https://www.campeonatochileno.cl/ligas/liga-de-ascenso-caixun/,,2026-07-05T23:55:48
08f9e416bfa40f2a,campeonatochileno.cl,Liga De Primera Mercado Libre,2026-07-25,17:30,Huachipato,Cobresal,Estadio Huachipato,Fecha 16,https://www.campeonatochileno.cl/ligas/liga-de-primera-mercado-libre/,,2026-07-05T23:55:48
030364f135d13d1b,campeonatochileno.cl,Liga De Primera Mercado Libre,2026-07-25,20:00,Universidad Católica,Deportes La Serena,Claro Arena,Fecha 16,https://www.campeonatochileno.cl/ligas/liga-de-primera-mercado-libre/,,2026-07-05T23:55:48
3a030f512a305f5b,campeonatochileno.cl,Liga De Ascenso Caixun,2026-07-26,12:30,Deportes Puerto Montt,Deportes Antofagasta,Estadio Chinquihue de Puerto Montt,Fecha 17,https://www.campeonatochileno.cl/ligas/liga-de-ascenso-caixun/,,2026-07-05T23:55:48
7b0b8210a3186333,campeonatochileno.cl,Liga De Ascenso Caixun,2026-07-26,12:30,Rangers de Talca,Deportes Copiapó,,Fecha 17,https://www.campeonatochileno.cl/ligas/liga-de-ascenso-caixun/,,2026-07-05T23:55:48
1359465391353b4c,campeonatochileno.cl,Liga De Primera Mercado Libre,2026-07-26,15:00,Ñublense,Palestino,Estadio Bicentenario Nelson Oyarzún,Fecha 16,https://www.campeonatochileno.cl/ligas/liga-de-primera-mercado-libre/,,2026-07-05T23:55:48
b297355ed329f892,campeonatochileno.cl,Liga De Ascenso Caixun,2026-07-26,17:30,San Marcos de Arica,Magallanes,,Fecha 17,https://www.campeonatochileno.cl/ligas/liga-de-ascenso-caixun/,,2026-07-05T23:55:48
de185c9b4c393978,campeonatochileno.cl,Liga De Primera Mercado Libre,2026-07-26,17:30,Audax Italiano,Universidad de Chile,Estadio Bicentenario de La Florida,Fecha 16,https://www.campeonatochileno.cl/ligas/liga-de-primera-mercado-libre/,,2026-07-05T23:55:48
b24761d138d182f9,campeonatochileno.cl,Liga De Primera Mercado Libre,2026-07-26,20:30,Deportes Concepción,O'Higgins,Ester Roa Rebolledo,Fecha 16,https://www.campeonatochileno.cl/ligas/liga-de-primera-mercado-libre/,,2026-07-05T23:55:48
1f7bf2c5594e3f8f,campeonatochileno.cl,Liga De Ascenso Caixun,2026-07-27,19:00,Unión Española,Deportes Recoleta,Estadio Santa Laura Universidad SEK,Fecha 17,https://www.campeonatochileno.cl/ligas/liga-de-ascenso-caixun/,,2026-07-05T23:55:48
2c7541c4bcea5c9a,campeonatochileno.cl,Liga De Ascenso Caixun,2026-07-31,18:00,San Luis,Rangers de Talca,Municipal Lucio Fariña Fernández,Fecha 18,https://www.campeonatochileno.cl/ligas/liga-de-ascenso-caixun/,,2026-07-05T23:55:48
d4a813a0ee21f0f7,campeonatochileno.cl,Liga De Primera Mercado Libre,2026-07-31,20:00,Universidad de Concepción,Audax Italiano,Ester Roa Rebolledo,Fecha 17,https://www.campeonatochileno.cl/ligas/liga-de-primera-mercado-libre/,,2026-07-05T23:55:48
acf49d7184ade7b0,campeonatochileno.cl,Liga De Ascenso Caixun,2026-07-31,20:30,San Marcos de Arica,Deportes Iquique,,Fecha 18,https://www.campeonatochileno.cl/ligas/liga-de-ascenso-caixun/,,2026-07-05T23:55:48
3f82b9df7dd3cc7e,campeonatochileno.cl,Liga De Primera Mercado Libre,2026-08-01,12:30,Cobresal,Unión La Calera,Estadio El Cobre,Fecha 17,https://www.campeonatochileno.cl/ligas/liga-de-primera-mercado-libre/,,2026-07-05T23:55:48
9fc4546a082e3a8a,campeonatochileno.cl,Liga De Ascenso Caixun,2026-08-01,15:00,Deportes Antofagasta,Unión San Felipe,Estadio Regional Calvo y Bascuñán,Fecha 18,https://www.campeonatochileno.cl/ligas/liga-de-ascenso-caixun/,,2026-07-05T23:55:48
82589cc5577459ab,campeonatochileno.cl,Liga De Primera Mercado Libre,2026-08-01,15:00,Everton,Colo Colo,Sausalito,Fecha 17,https://www.campeonatochileno.cl/ligas/liga-de-primera-mercado-libre/,,2026-07-05T23:55:48
6fc5f07734dd2ce2,campeonatochileno.cl,Liga De Ascenso Caixun,2026-08-01,17:30,Curicó Unido,Cobreloa,Estadio Bicentenario La Granja,Fecha 18,https://www.campeonatochileno.cl/ligas/liga-de-ascenso-caixun/,,2026-07-05T23:55:48
5563cfe294ac8e3f,campeonatochileno.cl,Liga De Primera Mercado Libre,2026-08-01,17:30,Palestino,Coquimbo Unido,Estadio Municipal de La Cisterna,Fecha 17,https://www.campeonatochileno.cl/ligas/liga-de-primera-mercado-libre/,,2026-07-05T23:55:48
be003129641c7d7f,campeonatochileno.cl,Liga De Primera Mercado Libre,2026-08-01,20:00,Deportes Limache,Ñublense,Municipal Lucio Fariña Fernández,Fecha 17,https://www.campeonatochileno.cl/ligas/liga-de-primera-mercado-libre/,,2026-07-05T23:55:48
31cd1a292ec3ac96,campeonatochileno.cl,Liga De Ascenso Caixun,2026-08-02,12:30,Magallanes,Unión Española,Estadio Municipal de San Bernardo,Fecha 18,https://www.campeonatochileno.cl/ligas/liga-de-ascenso-caixun/,,2026-07-05T23:55:48
e20cb7e40f73df25,campeonatochileno.cl,Liga De Primera Mercado Libre,2026-08-02,12:30,Deportes Concepción,Universidad Católica,Ester Roa Rebolledo,Fecha 17,https://www.campeonatochileno.cl/ligas/liga-de-primera-mercado-libre/,,2026-07-05T23:55:48
96d50e7262565279,campeonatochileno.cl,Liga De Ascenso Caixun,2026-08-02,15:00,Deportes Recoleta,Deportes Puerto Montt,Estadio Municipal de Recoleta Leonel Sánchez,Fecha 18,https://www.campeonatochileno.cl/ligas/liga-de-ascenso-caixun/,,2026-07-05T23:55:48
df69b83ab38cef42,campeonatochileno.cl,Liga De Primera Mercado Libre,2026-08-02,15:00,Deportes La Serena,O'Higgins,Estadio La Portada,Fecha 17,https://www.campeonatochileno.cl/ligas/liga-de-primera-mercado-libre/,,2026-07-05T23:55:48
9334257a540f1340,campeonatochileno.cl,Liga De Ascenso Caixun,2026-08-02,17:30,Club Deportes Santa Cruz,Santiago Wanderers,Estadio Joaquín Muñoz,Fecha 18,https://www.campeonatochileno.cl/ligas/liga-de-ascenso-caixun/,,2026-07-05T23:55:48
eaac8b116ec02599,campeonatochileno.cl,Liga De Primera Mercado Libre,2026-08-02,17:30,Universidad de Chile,Huachipato,Estadio Nacional Julio Martínez Prádanos,Fecha 17,https://www.campeonatochileno.cl/ligas/liga-de-primera-mercado-libre/,,2026-07-05T23:55:48
52f4c3914c23de63,campeonatochileno.cl,Liga De Ascenso Caixun,2026-08-03,20:00,Deportes Temuco,Deportes Copiapó,,Fecha 18,https://www.campeonatochileno.cl/ligas/liga-de-ascenso-caixun/,,2026-07-05T23:55:48
9415428ce0239302,campeonatochileno.cl,Copa Chile Coca Cola Zero Azucar,2026-08-04,19:30,Universidad de Concepción,Curicó Unido,Ester Roa Rebolledo,Fecha 6,https://www.campeonatochileno.cl/ligas/copa-chile-coca-cola-zero-azucar/,,2026-07-05T23:55:48
16befa0aab9acea1,campeonatochileno.cl,Copa Chile Coca Cola Zero Azucar,2026-08-04,19:30,Ñublense,Rangers de Talca,Estadio Bicentenario Nelson Oyarzún,Fecha 6,https://www.campeonatochileno.cl/ligas/copa-chile-coca-cola-zero-azucar/,,2026-07-05T23:55:48
491dc290c15f4e4b,campeonatochileno.cl,Copa Chile Coca Cola Zero Azucar,2026-08-05,18:00,Santiago Wanderers,Unión La Calera,,Fecha 6,https://www.campeonatochileno.cl/ligas/copa-chile-coca-cola-zero-azucar/,,2026-07-05T23:55:48
9aacf98b7cdd11ec,campeonatochileno.cl,Copa Chile Coca Cola Zero Azucar,2026-08-05,18:00,Unión San Felipe,Universidad de Chile,Municipal Lucio Fariña Fernández,Fecha 6,https://www.campeonatochileno.cl/ligas/copa-chile-coca-cola-zero-azucar/,,2026-07-05T23:55:48
5420c27758286833,campeonatochileno.cl,Copa Chile Coca Cola Zero Azucar,2026-08-05,20:30,Coquimbo Unido,San Marcos de Arica,Estadio Municipal Francisco Sánchez Rumoroso,Fecha 6,https://www.campeonatochileno.cl/ligas/copa-chile-coca-cola-zero-azucar/,,2026-07-05T23:55:48
8501136080792b1a,campeonatochileno.cl,Copa Chile Coca Cola Zero Azucar,2026-08-05,20:30,Deportes Iquique,Deportes Limache,Estadio Tierra de Campeones,Fecha 6,https://www.campeonatochileno.cl/ligas/copa-chile-coca-cola-zero-azucar/,,2026-07-05T23:55:48
3f692ea60b3d9728,campeonatochileno.cl,Liga De Ascenso Caixun,2026-08-07,18:00,Unión Española,Deportes Antofagasta,Estadio Santa Laura Universidad SEK,Fecha 19,https://www.campeonatochileno.cl/ligas/liga-de-ascenso-caixun/,,2026-07-05T23:55:48
7fea033b7ec2c9df,campeonatochileno.cl,Liga De Ascenso Caixun,2026-08-07,20:30,Club Deportes Santa Cruz,Deportes Puerto Montt,Estadio Joaquín Muñoz,Fecha 19,https://www.campeonatochileno.cl/ligas/liga-de-ascenso-caixun/,,2026-07-05T23:55:48
b5114f268f423da0,campeonatochileno.cl,Liga De Primera Mercado Libre,2026-08-07,20:30,Universidad Católica,Cobresal,Claro Arena,Fecha 18,https://www.campeonatochileno.cl/ligas/liga-de-primera-mercado-libre/,,2026-07-05T23:55:48
889a45febeb3e7f1,campeonatochileno.cl,Liga De Ascenso Caixun,2026-08-08,12:30,Unión San Felipe,Deportes Recoleta,Estadio Municipal de San Felipe,Fecha 19,https://www.campeonatochileno.cl/ligas/liga-de-ascenso-caixun/,,2026-07-05T23:55:48
12b29745ff82bd3e,campeonatochileno.cl,Liga De Ascenso Caixun,2026-08-08,15:00,Santiago Wanderers,San Marcos de Arica,,Fecha 19,https://www.campeonatochileno.cl/ligas/liga-de-ascenso-caixun/,,2026-07-05T23:55:48
da9f0eb289b67787,campeonatochileno.cl,Liga De Primera Mercado Libre,2026-08-08,15:00,Huachipato,Everton,Estadio Huachipato,Fecha 18,https://www.campeonatochileno.cl/ligas/liga-de-primera-mercado-libre/,,2026-07-05T23:55:48
3f8d571d52655cca,campeonatochileno.cl,Liga De Ascenso Caixun,2026-08-08,17:30,Cobreloa,Deportes Iquique,,Fecha 19,https://www.campeonatochileno.cl/ligas/liga-de-ascenso-caixun/,,2026-07-05T23:55:48
24d5b8f9cf534036,campeonatochileno.cl,Liga De Primera Mercado Libre,2026-08-08,17:30,Coquimbo Unido,Deportes La Serena,Estadio Municipal Francisco Sánchez Rumoroso,Fecha 18,https://www.campeonatochileno.cl/ligas/liga-de-primera-mercado-libre/,,2026-07-05T23:55:48
e3734754a6c997d2,campeonatochileno.cl,Liga De Ascenso Caixun,2026-08-08,20:00,Deportes Temuco,Magallanes,,Fecha 19,https://www.campeonatochileno.cl/ligas/liga-de-ascenso-caixun/,,2026-07-05T23:55:48
f75f781db14ab65a,campeonatochileno.cl,Liga De Ascenso Caixun,2026-08-09,12:30,Deportes Copiapó,San Luis,,Fecha 19,https://www.campeonatochileno.cl/ligas/liga-de-ascenso-caixun/,,2026-07-05T23:55:48
99f31361aa95a738,campeonatochileno.cl,Liga De Primera Mercado Libre,2026-08-09,12:30,Deportes Concepción,Universidad de Concepción,Ester Roa Rebolledo,Fecha 18,https://www.campeonatochileno.cl/ligas/liga-de-primera-mercado-libre/,,2026-07-05T23:55:48
bd0c8d63f2db4c97,campeonatochileno.cl,Liga De Ascenso Caixun,2026-08-09,15:00,Rangers de Talca,Curicó Unido,,Fecha 19,https://www.campeonatochileno.cl/ligas/liga-de-ascenso-caixun/,,2026-07-05T23:55:48
74b5f1c124c434ff,campeonatochileno.cl,Liga De Primera Mercado Libre,2026-08-09,15:00,O'Higgins,Deportes Limache,Estadio Codelco El Teniente,Fecha 18,https://www.campeonatochileno.cl/ligas/liga-de-primera-mercado-libre/,,2026-07-05T23:55:48
748b3ac3a585ab5c,campeonatochileno.cl,Liga De Primera Mercado Libre,2026-08-09,17:30,Unión La Calera,Colo Colo,Estadio Nicolás Chahuán,Fecha 18,https://www.campeonatochileno.cl/ligas/liga-de-primera-mercado-libre/,,2026-07-05T23:55:48
0ba0e7278e1b41c3,campeonatochileno.cl,Liga De Primera Mercado Libre,2026-08-09,20:00,Universidad de Chile,Palestino,Estadio Nacional Julio Martínez Prádanos,Fecha 18,https://www.campeonatochileno.cl/ligas/liga-de-primera-mercado-libre/,,2026-07-05T23:55:48
b12e0b7638559b79,campeonatochileno.cl,Liga De Primera Mercado Libre,2026-08-10,20:00,Audax Italiano,Ñublense,Estadio Bicentenario de La Florida,Fecha 18,https://www.campeonatochileno.cl/ligas/liga-de-primera-mercado-libre/,,2026-07-05T23:55:48
f4b375d08544bfb4,campeonatochileno.cl,Liga De Ascenso Caixun,2026-08-11,19:00,Deportes Puerto Montt,Unión Española,Estadio Chinquihue de Puerto Montt,Fecha 20,https://www.campeonatochileno.cl/ligas/liga-de-ascenso-caixun/,,2026-07-05T23:55:48
b929d1be81d2db16,campeonatochileno.cl,Liga De Ascenso Caixun,2026-08-12,18:00,Deportes Recoleta,Rangers de Talca,Estadio Municipal de La Pintana,Fecha 20,https://www.campeonatochileno.cl/ligas/liga-de-ascenso-caixun/,,2026-07-05T23:55:48
df46af9bcc791242,campeonatochileno.cl,Liga De Ascenso Caixun,2026-08-12,18:00,Magallanes,Cobreloa,Estadio por confirmar,Fecha 20,https://www.campeonatochileno.cl/ligas/liga-de-ascenso-caixun/,,2026-07-05T23:55:48
ebbff519a5f30c5c,campeonatochileno.cl,Liga De Ascenso Caixun,2026-08-12,20:30,Deportes Antofagasta,Santiago Wanderers,Estadio Regional Calvo y Bascuñán,Fecha 20,https://www.campeonatochileno.cl/ligas/liga-de-ascenso-caixun/,,2026-07-05T23:55:48
e4887f29aee91286,campeonatochileno.cl,Liga De Ascenso Caixun,2026-08-12,20:30,San Marcos de Arica,Unión San Felipe,,Fecha 20,https://www.campeonatochileno.cl/ligas/liga-de-ascenso-caixun/,,2026-07-05T23:55:48
9230505d83a2f4de,campeonatochileno.cl,Liga De Ascenso Caixun,2026-08-13,18:00,San Luis,Deportes Temuco,Municipal Lucio Fariña Fernández,Fecha 20,https://www.campeonatochileno.cl/ligas/liga-de-ascenso-caixun/,,2026-07-05T23:55:48
1de586b46311b9fc,campeonatochileno.cl,Liga De Ascenso Caixun,2026-08-13,20:30,Curicó Unido,Club Deportes Santa Cruz,Estadio Bicentenario La Granja,Fecha 20,https://www.campeonatochileno.cl/ligas/liga-de-ascenso-caixun/,,2026-07-05T23:55:48
1488b23e46e9a3a7,campeonatochileno.cl,Liga De Ascenso Caixun,2026-08-13,20:30,Deportes Iquique,Deportes Copiapó,Estadio Tierra de Campeones,Fecha 20,https://www.campeonatochileno.cl/ligas/liga-de-ascenso-caixun/,,2026-07-05T23:55:48
40aa2d1203ceb318,campeonatochileno.cl,Liga De Primera Mercado Libre,2026-08-14,19:00,Universidad de Concepción,Deportes La Serena,Ester Roa Rebolledo,Fecha 19,https://www.campeonatochileno.cl/ligas/liga-de-primera-mercado-libre/,,2026-07-05T23:55:48
9586583073dd10d5,campeonatochileno.cl,Liga De Ascenso Caixun,2026-08-15,15:00,Rangers de Talca,Magallanes,,Fecha 21,https://www.campeonatochileno.cl/ligas/liga-de-ascenso-caixun/,,2026-07-05T23:55:48
15e2fdef9c998c9d,campeonatochileno.cl,Liga De Primera Mercado Libre,2026-08-15,17:30,Deportes Limache,Universidad de Chile,Municipal Lucio Fariña Fernández,Fecha 19,https://www.campeonatochileno.cl/ligas/liga-de-primera-mercado-libre/,,2026-07-05T23:55:48
c8ec59833edb1d4b,campeonatochileno.cl,Liga De Ascenso Caixun,2026-08-15,20:00,Unión Española,San Marcos de Arica,Estadio Santa Laura Universidad SEK,Fecha 21,https://www.campeonatochileno.cl/ligas/liga-de-ascenso-caixun/,,2026-07-05T23:55:48
76e0fbe3cf7ac522,campeonatochileno.cl,Liga De Primera Mercado Libre,2026-08-15,20:00,Everton,Audax Italiano,Sausalito,Fecha 19,https://www.campeonatochileno.cl/ligas/liga-de-primera-mercado-libre/,,2026-07-05T23:55:48
3934f8675f7dc083,campeonatochileno.cl,Liga De Ascenso Caixun,2026-08-16,12:30,Santiago Wanderers,Deportes Puerto Montt,,Fecha 21,https://www.campeonatochileno.cl/ligas/liga-de-ascenso-caixun/,,2026-07-05T23:55:48
664e6dd44fa45320,campeonatochileno.cl,Liga De Ascenso Caixun,2026-08-16,15:00,Unión San Felipe,Cobreloa,Estadio Municipal de San Felipe,Fecha 21,https://www.campeonatochileno.cl/ligas/liga-de-ascenso-caixun/,,2026-07-05T23:55:48
34b07054376982e5,campeonatochileno.cl,Liga De Primera Mercado Libre,2026-08-16,15:00,Cobresal,Deportes Concepción,Estadio El Cobre,Fecha 19,https://www.campeonatochileno.cl/ligas/liga-de-primera-mercado-libre/,,2026-07-05T23:55:48
411b7445e0a58be0,campeonatochileno.cl,Liga De Primera Mercado Libre,2026-08-16,17:30,Colo Colo,O'Higgins,Estadio Monumental David Arellano,Fecha 19,https://www.campeonatochileno.cl/ligas/liga-de-primera-mercado-libre/,,2026-07-05T23:55:48
f42c2fd93a1b5607,campeonatochileno.cl,Liga De Ascenso Caixun,2026-08-16,20:00,Deportes Iquique,Deportes Antofagasta,Estadio Tierra de Campeones,Fecha 21,https://www.campeonatochileno.cl/ligas/liga-de-ascenso-caixun/,,2026-07-05T23:55:48
5d56083935040a86,campeonatochileno.cl,Liga De Ascenso Caixun,2026-08-17,18:00,Club Deportes Santa Cruz,San Luis,Estadio Joaquín Muñoz,Fecha 21,https://www.campeonatochileno.cl/ligas/liga-de-ascenso-caixun/,,2026-07-05T23:55:48
77ea729c94fab064,campeonatochileno.cl,Liga De Ascenso Caixun,2026-08-17,18:00,Deportes Copiapó,Curicó Unido,,Fecha 21,https://www.campeonatochileno.cl/ligas/liga-de-ascenso-caixun/,,2026-07-05T23:55:48
b9e60653a8227d02,campeonatochileno.cl,Liga De Ascenso Caixun,2026-08-17,20:30,Deportes Temuco,Deportes Recoleta,,Fecha 21,https://www.campeonatochileno.cl/ligas/liga-de-ascenso-caixun/,,2026-07-05T23:55:48
a4ab1b72869ec3da,campeonatochileno.cl,Liga De Primera Mercado Libre,2026-08-17,20:30,Palestino,Huachipato,Estadio Municipal de La Cisterna,Fecha 19,https://www.campeonatochileno.cl/ligas/liga-de-primera-mercado-libre/,,2026-07-05T23:55:48
5c2c99e957d847d3,campeonatochileno.cl,Liga De Ascenso Caixun,2026-08-21,20:30,San Marcos de Arica,Rangers de Talca,,Fecha 22,https://www.campeonatochileno.cl/ligas/liga-de-ascenso-caixun/,,2026-07-05T23:55:48
12bfd61ca4848373,campeonatochileno.cl,Liga De Primera Mercado Libre,2026-08-21,20:30,Audax Italiano,Unión La Calera,Estadio Bicentenario de La Florida,Fecha 20,https://www.campeonatochileno.cl/ligas/liga-de-primera-mercado-libre/,,2026-07-05T23:55:48
92782ad1b27edf86,campeonatochileno.cl,Liga De Ascenso Caixun,2026-08-22,12:30,Deportes Recoleta,Deportes Copiapó,Estadio Municipal de Recoleta Leonel Sánchez,Fecha 22,https://www.campeonatochileno.cl/ligas/liga-de-ascenso-caixun/,,2026-07-05T23:55:48
e92e700b9090f7b5,campeonatochileno.cl,Liga De Ascenso Caixun,2026-08-22,15:00,Deportes Puerto Montt,Deportes Iquique,Estadio Chinquihue de Puerto Montt,Fecha 22,https://www.campeonatochileno.cl/ligas/liga-de-ascenso-caixun/,,2026-07-05T23:55:48
91d1da373e2d0970,campeonatochileno.cl,Liga De Ascenso Caixun,2026-08-22,15:00,Magallanes,Club Deportes Santa Cruz,Estadio Municipal de San Bernardo,Fecha 22,https://www.campeonatochileno.cl/ligas/liga-de-ascenso-caixun/,,2026-07-05T23:55:48
85ff2cb2e6fafbe6,campeonatochileno.cl,Liga De Ascenso Caixun,2026-08-22,17:30,Cobreloa,Unión Española,,Fecha 22,https://www.campeonatochileno.cl/ligas/liga-de-ascenso-caixun/,,2026-07-05T23:55:48
f28c1dbeb9534be7,campeonatochileno.cl,Liga De Primera Mercado Libre,2026-08-22,17:30,Huachipato,Deportes Limache,Estadio Huachipato,Fecha 20,https://www.campeonatochileno.cl/ligas/liga-de-primera-mercado-libre/,,2026-07-05T23:55:48
6e15d55e45378c32,campeonatochileno.cl,Liga De Primera Mercado Libre,2026-08-22,20:00,Universidad Católica,Ñublense,Claro Arena,Fecha 20,https://www.campeonatochileno.cl/ligas/liga-de-primera-mercado-libre/,,2026-07-05T23:55:48
e8d7afa1a2cc985d,campeonatochileno.cl,Liga De Primera Mercado Libre,2026-08-23,12:00,Deportes Concepción,Coquimbo Unido,Ester Roa Rebolledo,Fecha 20,https://www.campeonatochileno.cl/ligas/liga-de-primera-mercado-libre/,,2026-07-05T23:55:48
245a18700da16ae1,campeonatochileno.cl,Liga De Primera Mercado Libre,2026-08-23,12:00,Deportes La Serena,Cobresal,Estadio La Portada,Fecha 20,https://www.campeonatochileno.cl/ligas/liga-de-primera-mercado-libre/,,2026-07-05T23:55:48
6164a4e317bff0ab,campeonatochileno.cl,Liga De Primera Mercado Libre,2026-08-23,15:00,Universidad de Chile,Colo Colo,Estadio Nacional Julio Martínez Prádanos,Fecha 20,https://www.campeonatochileno.cl/ligas/liga-de-primera-mercado-libre/,,2026-07-05T23:55:48
2a8cd954726626e3,campeonatochileno.cl,Liga De Ascenso Caixun,2026-08-23,17:00,Deportes Antofagasta,Deportes Temuco,Estadio Regional Calvo y Bascuñán,Fecha 22,https://www.campeonatochileno.cl/ligas/liga-de-ascenso-caixun/,,2026-07-05T23:55:48
90a89acbf7031a68,campeonatochileno.cl,Liga De Primera Mercado Libre,2026-08-23,19:00,O'Higgins,Palestino,Estadio Codelco El Teniente,Fecha 20,https://www.campeonatochileno.cl/ligas/liga-de-primera-mercado-libre/,,2026-07-05T23:55:48
36d85699238b3225,campeonatochileno.cl,Liga De Ascenso Caixun,2026-08-23,19:30,Curicó Unido,Unión San Felipe,Estadio La Granja,Fecha 22,https://www.campeonatochileno.cl/ligas/liga-de-ascenso-caixun/,,2026-07-05T23:55:48
b046e6143415ab1d,campeonatochileno.cl,Liga De Ascenso Caixun,2026-08-24,19:30,San Luis,Santiago Wanderers,Municipal Lucio Fariña Fernández,Fecha 22,https://www.campeonatochileno.cl/ligas/liga-de-ascenso-caixun/,,2026-07-05T23:55:48
81e8c213b5b114c6,campeonatochileno.cl,Liga De Primera Mercado Libre,2026-08-24,19:30,Everton,Universidad de Concepción,Sausalito,Fecha 20,https://www.campeonatochileno.cl/ligas/liga-de-primera-mercado-libre/,,2026-07-05T23:55:48
3280248b5cc453f2,campeonatochileno.cl,Liga De Primera Mercado Libre,2026-08-26,18:00,Coquimbo Unido,Universidad Católica,Estadio Municipal Francisco Sánchez Rumoroso,Fecha 19,https://www.campeonatochileno.cl/ligas/liga-de-primera-mercado-libre/,,2026-07-05T23:55:48
189234641626b7f8,campeonatochileno.cl,Copa Chile Coca Cola Zero Azucar,2026-08-26,20:30,Colo Colo,Unión Española,Estadio Monumental David Arellano,Fecha 6,https://www.campeonatochileno.cl/ligas/copa-chile-coca-cola-zero-azucar/,,2026-07-05T23:55:48
4a3448ccd40732d1,campeonatochileno.cl,Copa Chile Coca Cola Zero Azucar,2026-08-26,20:30,Deportes Recoleta,O'Higgins,Estadio por confirmar,Fecha 6,https://www.campeonatochileno.cl/ligas/copa-chile-coca-cola-zero-azucar/,,2026-07-05T23:55:48
29f8db40c05d8915,campeonatochileno.cl,Liga De Primera Mercado Libre,2026-08-28,18:30,Cobresal,Palestino,Estadio El Cobre,Fecha 21,https://www.campeonatochileno.cl/ligas/liga-de-primera-mercado-libre/,,2026-07-05T23:55:48
42e5c1cc4bb4b52f,campeonatochileno.cl,Liga De Ascenso Caixun,2026-08-29,12:30,Unión San Felipe,Club Deportes Santa Cruz,Estadio Municipal de San Felipe,Fecha 23,https://www.campeonatochileno.cl/ligas/liga-de-ascenso-caixun/,,2026-07-05T23:55:48
8a1840575a050b37,campeonatochileno.cl,Liga De Ascenso Caixun,2026-08-29,15:00,Santiago Wanderers,Magallanes,,Fecha 23,https://www.campeonatochileno.cl/ligas/liga-de-ascenso-caixun/,,2026-07-05T23:55:48
cdbaca8978e66135,campeonatochileno.cl,Liga De Ascenso Caixun,2026-08-29,17:30,Unión Española,Rangers de Talca,Estadio Santa Laura Universidad SEK,Fecha 23,https://www.campeonatochileno.cl/ligas/liga-de-ascenso-caixun/,,2026-07-05T23:55:48
43ab017ed079160b,campeonatochileno.cl,Liga De Primera Mercado Libre,2026-08-29,17:30,Deportes Limache,Everton,Municipal Lucio Fariña Fernández,Fecha 21,https://www.campeonatochileno.cl/ligas/liga-de-primera-mercado-libre/,,2026-07-05T23:55:48
2d8a77f033ba9bc5,campeonatochileno.cl,Liga De Ascenso Caixun,2026-08-29,20:00,Deportes Iquique,San Luis,Estadio Tierra de Campeones,Fecha 23,https://www.campeonatochileno.cl/ligas/liga-de-ascenso-caixun/,,2026-07-05T23:55:48
eb11de9a229a2b27,campeonatochileno.cl,Liga De Primera Mercado Libre,2026-08-29,20:00,Ñublense,Deportes Concepción,Estadio Bicentenario Nelson Oyarzún,Fecha 21,https://www.campeonatochileno.cl/ligas/liga-de-primera-mercado-libre/,,2026-07-05T23:55:48
86783f5675c70c64,campeonatochileno.cl,Liga De Ascenso Caixun,2026-08-30,12:30,Deportes Copiapó,Deportes Antofagasta,,Fecha 23,https://www.campeonatochileno.cl/ligas/liga-de-ascenso-caixun/,,2026-07-05T23:55:48
053a4c4c43c360b0,campeonatochileno.cl,Liga De Ascenso Caixun,2026-08-30,15:00,Deportes Temuco,Deportes Puerto Montt,,Fecha 23,https://www.campeonatochileno.cl/ligas/liga-de-ascenso-caixun/,,2026-07-05T23:55:48
d91ceb4a705830cb,campeonatochileno.cl,Liga De Primera Mercado Libre,2026-08-30,15:00,Universidad de Concepción,Universidad de Chile,Ester Roa Rebolledo,Fecha 21,https://www.campeonatochileno.cl/ligas/liga-de-primera-mercado-libre/,,2026-07-05T23:55:48
adb2decb913c1159,campeonatochileno.cl,Liga De Ascenso Caixun,2026-08-30,17:30,Curicó Unido,Deportes Recoleta,Estadio La Granja,Fecha 23,https://www.campeonatochileno.cl/ligas/liga-de-ascenso-caixun/,,2026-07-05T23:55:48
0d4bcb66fc632f44,campeonatochileno.cl,Liga De Primera Mercado Libre,2026-08-30,17:30,Colo Colo,Audax Italiano,Estadio Monumental David Arellano,Fecha 21,https://www.campeonatochileno.cl/ligas/liga-de-primera-mercado-libre/,,2026-07-05T23:55:48
6932b0a913c6714b,campeonatochileno.cl,Liga De Primera Mercado Libre,2026-08-30,20:00,Coquimbo Unido,Huachipato,Estadio Municipal Francisco Sánchez Rumoroso,Fecha 21,https://www.campeonatochileno.cl/ligas/liga-de-primera-mercado-libre/,,2026-07-05T23:55:48
0c2b462ef85b4089,campeonatochileno.cl,Liga De Primera Mercado Libre,2026-08-31,18:15,Unión La Calera,Deportes La Serena,Estadio Nicolás Chahuán,Fecha 21,https://www.campeonatochileno.cl/ligas/liga-de-primera-mercado-libre/,,2026-07-05T23:55:48
84a9284010fba60a,campeonatochileno.cl,Liga De Ascenso Caixun,2026-08-31,20:00,Cobreloa,San Marcos de Arica,,Fecha 23,https://www.campeonatochileno.cl/ligas/liga-de-ascenso-caixun/,,2026-07-05T23:55:48
0dbfe8deea547aa7,campeonatochileno.cl,Liga De Primera Mercado Libre,2026-08-31,20:45,Universidad Católica,O'Higgins,Claro Arena,Fecha 21,https://www.campeonatochileno.cl/ligas/liga-de-primera-mercado-libre/,,2026-07-05T23:55:48
